<addon id="slyguy.dependencies"
       name="Slyguy Dependencies"
       version="1.0.0"
       provider-name="Debe">
    <requires>
        <import addon="xbmc.python" version="3.0.0"/>
        <import addon="script.module.slyguy" version="1.0.0"/>
    </requires>
    <extension point="xbmc.python.module"
               library="default.py" />
    <extension point="xbmc.addon.metadata">
        <summary lang="en">Dependency pack for Slyguy-based add-ons.</summary>
        <description lang="en">Installs and provides shared dependencies for Slyguy-based streaming add-ons.</description>
        <platform>all</platform>
    </extension>
</addon>
