<addon id="script.module.inputstreamhelper"
       name="InputStream Helper (Cooler)"
       version="1.0.0"
       provider-name="Cooler">
    <requires>
        <import addon="xbmc.python" version="3.0.0"/>
    </requires>
    <extension point="xbmc.python.module"
               library="default.py" />
    <extension point="xbmc.addon.metadata">
        <summary lang="en">Helper module for inputstream components.</summary>
        <description lang="en">Provides helper routines for configuring InputStream Adaptive / DRM-based streaming.</description>
        <platform>all</platform>
    </extension>
</addon>
