<?xml version="1.0" encoding="UTF-8"?>
<addon id="repository.myrepo" version="1.0.0" name="My Cooler Repo" provider-name="Debe">
    <extension point="xbmc.addon.repository" name="My Cooler Repo">
        <dir minversion="21.0.0" maxversion="21.9.9">
            <info compressed="false">https://debe2025.github.io/cooler-repo/addons.xml</info>
            <checksum>https://debe2025.github.io/cooler-repo/addons.xml.md5</checksum>
            <datadir zip="true">https://debe2025.github.io/cooler-repo/zips/</datadir>
        </dir>
    </extension>

    <extension point="xbmc.addon.metadata">
        <summary>My personal Kodi repository</summary>
        <description>Contains DStv Now, Samsung TV Plus and auto-setup service</description>
        <platform>all</platform>
        <assets>
            <icon>cooler-42549_640.png</icon>
        </assets>
    </extension>
</addon>
